Website,Views
animedex.pages.dev,18476
eng.deadtoons.online,12638
Direct,6512
localhost,6350
aniwatchtv.top,4562
anime.engsubtv.com,3275
animxer.xyz,2839
sussyanime.com,2811
vvid.xyz,2772
lostzoro.com,2707
gogomovie.online,2599
otaku-co.42web.io,1500
shikaisite.vercel.app,880
watchfreemovies.xyz,858
holymix.netlify.app,812
aniwave.sbs,763
animedexlite.vercel.app,691
5anime.org,623
anime.thetemuge.com,586
aniverse.cloud,497
ihkanime.vercel.app,480
iotserver24.github.io,396
manaboza06.xyz,376
animedex.pp.ua,330
9animes.vip,324
www.minoshima.net,323
razerdex.vercel.app,299
eclectic-custard-73bafd.netlify.app,292
projectathena.pages.dev,217
madstream.one,180
techshreyash.github.io,168
anitummy.com,164
anime.deekayvpn.us,163
topanime.rf.gd,132
prueba12435172653712.blogspot.com,128
animedex-lite.netlify.app,113
1001anime.com,95
animegalaxie.site,92
chadanime.dappling.network,85
dynamite-anime-english.000webhostapp.com,80
ab-anime-streamer.pages.dev,71
revondex.blogspot.com,63
chandugay.netlify.app,61
65facad0d775d7000848a45c--holymix.netlify.app,60
papaanime.rf.gd,59
litestream.pages.dev,58
www.aniverse.cloud,57
tvmoyo.totalh.net,55
watch.raretoonindia.online,55
1x77.org,54
razer-x-dex.vercel.app,53
xyxanime.rf.gd,50
anitaku.sbs,48
anime-dex.blogspot.com,41
anime.mohanishx.link,40
0ce21732-8a97-4340-9814-6582ab40eef6-00-2wq0u3swaq1qm.kirk.replit.dev,37
atekinz.tr.ht,37
animefox.cc,32
anitoon.pages.dev,30
65faca9d3b1079000867bff6--holymix.netlify.app,30
65facb24602b390008f75ace--holymix.netlify.app,30
sankeer28.github.io,28
pro--player.blogspot.com,28
kanime.vercel.app,26
hub.fulltoonsindia.site,23
anime-toon.netlify.app,22
65f171f0c4066cbd1b9e45cf--dynamic-pixie-f34349.netlify.app,22
komikkui.blogspot.com,22
anime-wdzone.netlify.app,21
anime-rc-yypx.vercel.app,20
animewebjs.web.app,20
65fac9814e814200072da1e8--holymix.netlify.app,20
cynibot.github.io,19
kanime-mu.vercel.app,19
animeasta.000webhostapp.com,18
pt7beta.vercel.app,17
nyaachann.unaux.com,16
ab-streamer.vercel.app,16
65f5b88d9a02abcf931c981e--dynamic-pixie-f34349.netlify.app,11
animedex1s.blogspot.com,11
anime1001.netlify.app,10
animemystic.netlify.app,10
65fac9f9c3da660008ff05e6--holymix.netlify.app,10
animeclasher.000webhostapp.com,8
baryonmode.online,8
a6b2f256-6a13-4243-b695-ef2f8c1a1b1d-00-2awjosf84rigt.kirk.replit.dev,6
anistream.free.nf,6
www.1001anime.com,2
animexrajin.netlify.app,1
anime-dex.netlify.app,1
